[
    {
      "date": {
        "id": "12345",
        "send_date": "2023-11-05"
      },
      "customer": {
        "name": "John Doe",
        "email": "johndoe@example.com",
        "phone": "123-456-7890"
      },
      "subject": "Hello",
      "comment": "This is a sample email description.This is a sample email description.This is a sample email description.This is a sample email description.This is a sample email description.This is a sample email description.This is a sample email description.This is a sample email description.",
      "archived": false
    },
    {
      "date": {
        "id": "67890",
        "send_date": "2023-12-14"
      },
      "customer": {
        "name": "Jane Smith",
        "email": "janesmith@example.com",
        "phone": "987-654-3210"
      },
      "subject": "Meeting Request",
      "comment": "I would like to request a meeting with you to discuss the project details.",
      "archived": false
    },
    {
      "date": {
        "id": "54321",
        "send_date": "2022-05-25"
      },
      "customer": {
        "name": "Robert Johnson",
        "email": "robertjohnson@example.com",
        "phone": "456-789-0123"
      },
      "subject": "Important Announcement",
      "comment": "We have an important announcement regarding the upcoming event.",
      "archived": true
    }
  ]
  