[
    {
      "name": {
        "photo": "https://robohash.org/employee1?set=set3.jpg",
        "username": "John Smith",
        "id": "121dfeifnIF",
        "employee_position": "Manager",
        "email": "john.smith@example.com",
        "password_hash": "a1b2c3d4e5f6g7h8i9j0"
      },
      "start_date": "2023-01-15",
      "job_description": "General hotel management, staff supervision, strategic decision-making.",
      "contact": "+1234567890",
      "activity": "active"
    },
    {
      "name": {
        "photo": "https://robohash.org/employee2?set=set3.jpg",
        "username": "Alice Johnson",
        "id": "2abCdeFgH",
        "employee_position": "Receptionist",
        "email": "alice.johnson@example.com",
        "password_hash": "k9l8m7n6o5p4q3r2"
      },
      "start_date": "2022-05-20",
      "job_description": "Customer service at the front desk, guest check-in, reservation management.",
      "contact": "+9876543210",
      "activity": "active"
    },
    {
      "name": {
        "photo": "https://robohash.org/employee3?set=set3.jpg",
        "username": "Eva Davis",
        "id": "3XyZwvuTS",
        "employee_position": "Room Service",
        "email": "eva.davis@example.com",
        "password_hash": "s1t2u3v4w5x6y7z8"
      },
      "start_date": "2023-03-10",
      "job_description": "Room cleaning, guest requests fulfillment, housekeeping duties.",
      "contact": "+1112223333",
      "activity": "active"
    },
    {
      "name": {
        "photo": "https://robohash.org/employee4?set=set3.jpg",
        "username": "Michael Brown",
        "id": "4defgH1234",
        "employee_position": "Manager",
        "email": "michael.brown@example.com",
        "password_hash": "p9q8r7s6t5u4v3w2x1"
      },
      "start_date": "2021-11-05",
      "job_description": "General hotel management, staff supervision, strategic decision-making.",
      "contact": "+5556667777",
      "activity": "active"
    },
    {
      "name": {
        "photo": "https://robohash.org/employee5?set=set3.jpg",
        "username": "Olivia Lee",
        "id": "5abcdeFGH",
        "employee_position": "Receptionist",
        "email": "olivia.lee@example.com",
        "password_hash": "h1i2j3k4l5m6n7o8"
      },
      "start_date": "2020-08-15",
      "job_description": "Customer service at the front desk, guest check-in, reservation management.",
      "contact": "+4443332222",
      "activity": "active"
    },
    {
      "name": {
        "photo": "https://robohash.org/employee6?set=set3.jpg",
        "username": "DavidClark",
        "id": "6PqRst9876",
        "employee_position": "Room Service",
        "email": "daidclark@example.com",
        "password_hash": "t9u8v7w6x5y4z3"
      },
      "start_date": "2022-03-25",
      "job_description": "Room cleaning, guest requests fulfillment, housekeeping duties.",
      "contact": "+9998887777",
      "activity": "active"
    },
    {
      "name": {
        "photo": "https://robohash.org/employee7?set=set3.jpg",
        "username": "Sophia Turner",
        "id": "7KlmnOPQ12",
        "employee_position": "Manager",
        "email": "sophia.turner@example.com",
        "password_hash": "a9b8c7d6e5f4g3h2i1"
      },
      "start_date": "2023-02-10",
      "job_description": "General hotel management, staff supervision, strategic decision-making.",
      "contact": "+7778889999",
      "activity": "active"
    },
    {
      "name": {
        "photo": "https://robohash.org/employee8?set=set3.jpg",
        "username": "William White",
        "id": "8wXyZ45678",
        "employee_position": "Receptionist",
        "email": "william.white@example.com",
        "password_hash": "b1c2d3e4f5g6h7i8j9"
      },
      "start_date": "2022-07-03",
      "job_description": "Customer service at the front desk, guest check-in, reservation management.",
      "contact": "+3334445555",
      "activity": "active"
    },
    {
      "name": {
        "photo": "https://robohash.org/employee9?set=set3.jpg",
        "username": "Liam Johnson",
        "id": "9mnopQR123",
        "employee_position": "Room Service",
        "email": "liam.johnson@example.com",
        "password_hash": "k1l2m3n4o5p6q7r8s9"
      },
      "start_date": "2021-12-20",
      "job_description": "Room cleaning, guest requests fulfillment, housekeeping duties.",
      "contact": "+2223334444",
      "activity": "inactive"
    },
    {
      "name": {
        "photo": "https://robohash.org/employee10?set=set3.jpg",
        "username": "Emma Anderson",
        "id": "10TuvWXYZ9",
        "employee_position": "Manager",
        "email": "emma.anderson@example.com",
        "password_hash": "s9t8u7v6w5x4y3z2"
      },
      "start_date": "2023-04-18",
      "job_description": "General hotel management, staff supervision, strategic decision-making.",
      "contact": "+6665554444",
      "activity": "active"
    }
  ]